targeted_fraction,targeted_users,estimated_incremental_outcomes,gross_value,contact_cost,estimated_net_value,value_per_incremental_outcome,cost_per_contact,evaluation_split,selected_on_validation
0.01,86,9.997418886893458,49.98709443446729,43.0,6.987094434467288,5.0,0.5,validation,False
0.02,171,21.99225655055052,109.9612827527526,85.5,24.461282752752595,5.0,0.5,validation,True
0.03,256,25.98897137736417,129.94485688682084,128.0,1.944856886820844,5.0,0.5,validation,False
0.04,341,17.98521672066145,89.92608360330726,170.5,-80.57391639669274,5.0,0.5,validation,False
0.05,427,7.981696695587084,39.90848347793542,213.5,-173.59151652206458,5.0,0.5,validation,False
0.060000000000000005,512,27.9770037876956,139.885018938478,256.0,-116.114981061522,5.0,0.5,validation,False
0.06999999999999999,597,47.97278019812572,239.8639009906286,298.5,-58.63609900937141,5.0,0.5,validation,False
0.08,682,41.96644431818666,209.8322215909333,341.0,-131.1677784090667,5.0,0.5,validation,False
0.09,768,59.96386331520995,299.81931657604974,384.0,-84.18068342395026,5.0,0.5,validation,False
0.09999999999999999,853,71.96057825215345,359.8028912607673,426.5,-66.6971087392327,5.0,0.5,validation,False
0.11,938,77.95611981069557,389.78059905347783,469.0,-79.21940094652217,5.0,0.5,validation,False
0.12,1023,87.9521307426242,439.76065371312103,511.5,-71.73934628687897,5.0,0.5,validation,False
0.13,1108,95.94649903289476,479.7324951644738,554.0,-74.26750483552621,5.0,0.5,validation,False
0.14,1194,99.94274454138683,499.71372270693416,597.0,-97.28627729306584,5.0,0.5,validation,False
0.15000000000000002,1279,109.93969410995868,549.6984705497935,639.5,-89.80152945020654,5.0,0.5,validation,False
0.16,1364,101.935939453256,509.67969726627996,682.0,-172.32030273372004,5.0,0.5,validation,False
0.17,1449,113.93312370852111,569.6656185426056,724.5,-154.83438145739444,5.0,0.5,validation,False
0.18000000000000002,1535,123.92960395877135,619.6480197938567,767.5,-147.85198020614325,5.0,0.5,validation,False
0.19,1620,133.9242069357352,669.6210346786761,810.0,-140.3789653213239,5.0,0.5,validation,False
0.2,1705,139.9192791759559,699.5963958797795,852.5,-152.9036041202205,5.0,0.5,validation,False
0.21000000000000002,1790,151.91740206786432,759.5870103393215,895.0,-135.41298966067848,5.0,0.5,validation,False
0.22,1876,163.91411700480796,819.5705850240398,938.0,-118.42941497596019,5.0,0.5,validation,False
0.23,1961,161.91247436314993,809.5623718157497,980.5,-170.93762818425034,5.0,0.5,validation,False
0.24000000000000002,2046,173.9082506634504,869.541253317252,1023.0,-153.45874668274803,5.0,0.5,validation,False
0.25,2131,189.90402701881578,949.5201350940789,1065.5,-115.97986490592109,5.0,0.5,validation,False
0.26,2216,189.90027247224305,949.5013623612152,1108.0,-158.49863763878477,5.0,0.5,validation,False
0.27,2302,193.8983952540216,969.491976270108,1151.0,-181.508023729892,5.0,0.5,validation,False
0.28,2387,199.8934674942423,999.4673374712114,1193.5,-194.0326625287886,5.0,0.5,validation,False
0.29000000000000004,2472,211.89018243118593,1059.4509121559297,1236.0,-176.5490878440703,5.0,0.5,validation,False
0.3,2557,233.8871321649527,1169.4356608247635,1278.5,-109.06433917523646,5.0,0.5,validation,False
0.31,2643,245.88384710189635,1229.4192355094817,1321.5,-92.08076449051828,5.0,0.5,validation,False
0.32,2728,249.88150056535332,1249.4075028267666,1364.0,-114.59249717323337,5.0,0.5,validation,False
0.33,2813,261.87868482061845,1309.3934241030922,1406.5,-97.10657589690777,5.0,0.5,validation,False
0.34,2898,263.87563427906036,1319.3781713953017,1449.0,-129.6218286046983,5.0,0.5,validation,False
0.35000000000000003,2984,279.87281858939025,1399.3640929469511,1492.0,-92.63590705304887,5.0,0.5,validation,False
0.36000000000000004,3069,291.8709414812985,1459.3547074064923,1534.5,-75.14529259350775,5.0,0.5,validation,False
0.37,3154,295.8671869897904,1479.335934948952,1577.0,-97.66406505104806,5.0,0.5,validation,False
0.38,3239,301.86460582161885,1509.3230291080943,1619.5,-110.17697089190574,5.0,0.5,validation,False
0.39,3324,303.86061664341753,1519.3030832170875,1662.0,-142.69691678291247,5.0,0.5,validation,False
0.4,3410,305.85803542018107,1529.2901771009053,1705.0,-175.70982289909466,5.0,0.5,validation,False
0.41000000000000003,3495,299.8559234051364,1499.279617025682,1747.5,-248.220382974318,5.0,0.5,validation,False
0.42000000000000004,3580,295.8535767584634,1479.2678837923172,1790.0,-310.7321162076828,5.0,0.5,validation,False
0.43,3665,313.8500571188433,1569.2502855942166,1832.5,-263.2497144057834,5.0,0.5,validation,False
0.44,3751,303.84747573041216,1519.2373786520607,1875.5,-356.26262134793933,5.0,0.5,validation,False
0.45,3836,315.8437213490339,1579.2186067451694,1918.0,-338.7813932548306,5.0,0.5,validation,False
0.46,3921,315.8413747574258,1579.206873787129,1960.5,-381.2931262128709,5.0,0.5,validation,False
0.47000000000000003,4006,325.8383243259975,1629.1916216299876,2003.0,-373.8083783700124,5.0,0.5,validation,False
0.48000000000000004,4092,327.8343351477962,1639.1716757389809,2046.0,-406.82832426101913,5.0,0.5,validation,False
0.49,4177,339.8315194030612,1699.1575970153058,2088.5,-389.3424029846942,5.0,0.5,validation,False
0.5,4262,349.8289382899545,1749.1446914497726,2131.0,-381.8553085502274,5.0,0.5,validation,False
0.51,4347,355.8268264401046,1779.1341322005228,2173.5,-394.3658677994772,5.0,0.5,validation,False
0.52,4432,379.8226029055994,1899.1130145279972,2216.0,-316.88698547200283,5.0,0.5,validation,False
0.53,4518,389.820960429136,1949.10480214568,2259.0,-309.89519785432003,5.0,0.5,validation,False
0.54,4603,391.81837920589953,1959.0918960294975,2301.5,-342.40810397050245,5.0,0.5,validation,False
0.55,4688,399.81603272442123,1999.0801636221063,2344.0,-344.9198363778937,5.0,0.5,validation,False
0.56,4773,407.81368624294294,2039.0684312147146,2386.5,-347.43156878528544,5.0,0.5,validation,False
0.5700000000000001,4859,413.81251302973624,2069.062565148681,2429.5,-360.4374348513188,5.0,0.5,validation,False
0.5800000000000001,4944,421.8092279116147,2109.0461395580733,2472.0,-362.95386044192674,5.0,0.5,validation,False
0.59,5029,417.8068812649417,2089.0344063247085,2514.5,-425.46559367529153,5.0,0.5,validation,False
0.6,5114,419.80242276841875,2099.0121138420936,2557.0,-457.98788615790636,5.0,0.5,validation,False
0.61,5200,427.8005456052621,2139.0027280263103,2600.0,-460.99727197368975,5.0,0.5,validation,False
0.62,5285,423.7991375952323,2118.9956879761617,2642.5,-523.5043120238383,5.0,0.5,validation,False
0.63,5370,427.7967910586891,2138.9839552934454,2685.0,-546.0160447065546,5.0,0.5,validation,False
0.64,5455,441.79374068232573,2208.9687034116287,2727.5,-518.5312965883713,5.0,0.5,validation,False
0.65,5540,427.7916285571513,2138.9581427857565,2770.0,-631.0418572142435,5.0,0.5,validation,False
0.66,5626,433.78951670730135,2168.9475835365065,2813.0,-644.0524164634935,5.0,0.5,validation,False
0.67,5711,439.78834349409465,2198.941717470473,2855.5,-656.5582825295269,5.0,0.5,validation,False
0.68,5796,457.7857624911178,2288.9288124555887,2898.0,-609.0711875444113,5.0,0.5,validation,False
0.6900000000000001,5881,455.78411984945967,2278.9205992472985,2940.5,-661.5794007527015,5.0,0.5,validation,False
0.7000000000000001,5967,471.7817734781112,2358.9088673905558,2983.5,-624.5911326094442,5.0,0.5,validation,False
0.7100000000000001,6052,471.77895756818145,2358.894787840907,3026.0,-667.1052121590928,5.0,0.5,validation,False
0.72,6137,481.7763764550748,2408.8818822753738,3068.5,-659.6181177246262,5.0,0.5,validation,False
0.73,6222,489.7744992919181,2448.8724964595904,3111.0,-662.1275035404096,5.0,0.5,validation,False
0.74,6308,497.7716834921182,2488.858417460591,3154.0,-665.1415825394088,5.0,0.5,validation,False
0.75,6393,503.7705102789115,2518.8525513945574,3196.5,-677.6474486054426,5.0,0.5,validation,False
0.76,6478,517.768867857513,2588.844339287565,3239.0,-650.1556607124348,5.0,0.5,validation,False
0.77,6563,527.7672253810496,2638.836126905248,3281.5,-642.663873094752,5.0,0.5,validation,False
0.78,6648,535.7658175362145,2678.8290876810725,3324.0,-645.1709123189275,5.0,0.5,validation,False
0.79,6734,537.7651135862645,2688.8255679313224,3367.0,-678.1744320686776,5.0,0.5,validation,False
0.8,6819,543.7634710547362,2718.817355273681,3409.5,-690.6826447263188,5.0,0.5,validation,False
0.81,6904,541.75948182147,2708.79740910735,3452.0,-743.2025908926498,5.0,0.5,validation,False
0.8200000000000001,6989,551.7564313900417,2758.7821569502084,3494.5,-735.7178430497916,5.0,0.5,validation,False
0.8300000000000001,7075,565.7524423770351,2828.7622118851755,3537.5,-708.7377881148245,5.0,0.5,validation,False
0.8400000000000001,7160,561.7496264120405,2808.7481320602024,3580.0,-771.2518679397976,5.0,0.5,validation,False
0.85,7245,569.7477492488838,2848.738746244419,3622.5,-773.761253755581,5.0,0.5,validation,False
0.86,7330,579.7451681357771,2898.7258406788856,3665.0,-766.2741593211144,5.0,0.5,validation,False
0.87,7416,583.7428215992339,2918.71410799617,3708.0,-789.2858920038302,5.0,0.5,validation,False
0.88,7501,583.7400056893042,2918.700028446521,3750.5,-831.7999715534788,5.0,0.5,validation,False
0.89,7586,591.7385978444692,2958.6929892223457,3793.0,-834.3070107776543,5.0,0.5,validation,False
0.9,7671,595.7376592628908,2978.688296314454,3835.5,-856.811703685546,5.0,0.5,validation,False
0.91,7756,599.7367206813125,2998.6836034065623,3878.0,-879.3163965934377,5.0,0.5,validation,False
0.92,7842,605.7346088314625,3028.6730441573127,3921.0,-892.3269558426873,5.0,0.5,validation,False
0.93,7927,611.732027663291,3058.660138316455,3963.5,-904.8398616835452,5.0,0.5,validation,False
0.9400000000000001,8012,617.7285078584762,3088.642539292381,4006.0,-917.3574607076189,5.0,0.5,validation,False
0.9500000000000001,8097,629.7256921137412,3148.628460568706,4048.5,-899.871539431294,5.0,0.5,validation,False
0.9600000000000001,8183,629.7233455221331,3148.6167276106653,4091.5,-942.8832723893347,5.0,0.5,validation,False
0.97,8268,631.7207642988966,3158.603821494483,4134.0,-975.3961785055171,5.0,0.5,validation,False
0.98,8353,631.7184177072885,3158.5920885364426,4176.5,-1017.9079114635574,5.0,0.5,validation,False
0.99,8438,645.7144286942819,3228.5721434714096,4219.0,-990.4278565285904,5.0,0.5,validation,False
1.0,8523,653.7111435761603,3268.5557178808017,4261.5,-992.9442821191983,5.0,0.5,validation,False
0.01,86,14.003050761817677,70.01525380908839,43.0,27.015253809088392,5.0,0.5,test,False
0.02,171,26.009152065193362,130.0457603259668,85.5,44.545760325966796,5.0,0.5,test,True
0.03,256,48.01408021042728,240.0704010521364,128.0,112.07040105213639,5.0,0.5,test,False
0.04,341,58.01713091718001,290.08565458590004,170.5,119.58565458590004,5.0,0.5,test,False
0.05,427,54.022293363652764,270.1114668182638,213.5,56.61146681826381,5.0,0.5,test,False
0.060000000000000005,512,76.02816014552988,380.14080072764943,256.0,124.14080072764943,5.0,0.5,test,False
0.06999999999999999,597,88.03191485729748,440.1595742864874,298.5,141.65957428648738,5.0,0.5,test,False
0.08,682,98.03684283733664,490.18421418668316,341.0,149.18421418668316,5.0,0.5,test,False
0.09,768,116.04130160918402,580.2065080459201,384.0,196.20650804592015,5.0,0.5,test,False
0.09999999999999999,853,126.04482163425835,630.2241081712917,426.5,203.72410817129173,5.0,0.5,test,False
0.11,938,134.04763765431778,670.2381882715889,469.0,201.2381882715889,5.0,0.5,test,False
0.12,1023,138.05092293763386,690.2546146881693,511.5,178.75461468816934,5.0,0.5,test,False
0.13,1108,152.05538165441624,760.2769082720812,554.0,206.2769082720812,5.0,0.5,test,False
0.14,1194,170.05937110794196,850.2968555397098,597.0,253.29685553970978,5.0,0.5,test,False
0.15000000000000002,1279,166.0612483261634,830.306241630817,639.5,190.806241630817,5.0,0.5,test,False
0.16,1364,174.06547230118758,870.3273615059379,682.0,188.32736150593792,5.0,0.5,test,False
0.17,1449,174.06781889279554,870.3390944639777,724.5,145.83909446397774,5.0,0.5,test,False
0.18000000000000002,1535,178.0720428127548,890.360214063774,767.5,122.86021406377404,5.0,0.5,test,False
0.19,1620,182.07626673271406,910.3813336635703,810.0,100.38133366357033,5.0,0.5,test,False
0.2,1705,176.0802558558502,880.401279279251,852.5,27.901279279250957,5.0,0.5,test,False
0.21000000000000002,1790,174.0818984424433,870.4094922122165,895.0,-24.59050778778351,5.0,0.5,test,False
0.22,1876,180.08447977580946,900.4223988790473,938.0,-37.57760112095275,5.0,0.5,test,False
0.23,1961,186.08565315421083,930.4282657710542,980.5,-50.07173422894584,5.0,0.5,test,False
0.24000000000000002,2046,172.0901114855387,860.4505574276935,1023.0,-162.54944257230648,5.0,0.5,test,False
0.25,2131,170.09316202709658,850.4658101354829,1065.5,-215.0341898645171,5.0,0.5,test,False
0.26,2216,172.096681942041,860.4834097102049,1108.0,-247.5165902897951,5.0,0.5,test,False
0.27,2302,166.09879379189076,830.4939689594538,1151.0,-320.5060310405462,5.0,0.5,test,False
0.28,2387,176.10090586200025,880.5045293100012,1193.5,-312.9954706899988,5.0,0.5,test,False
0.29000000000000004,2472,174.10301776691495,870.5150888345747,1236.0,-365.4849111654253,5.0,0.5,test,False
0.3,2557,166.10442561174986,830.5221280587493,1278.5,-447.97787194125067,5.0,0.5,test,False
0.31,2643,174.10864958677405,870.5432479338702,1321.5,-450.95675206612975,5.0,0.5,test,False
0.32,2728,168.111700073267,840.558500366335,1364.0,-523.441499633665,5.0,0.5,test,False
0.33,2813,182.11381219844142,910.5690609922071,1406.5,-495.93093900779286,5.0,0.5,test,False
0.34,2898,190.11662821850084,950.5831410925042,1449.0,-498.4168589074958,5.0,0.5,test,False
0.35000000000000003,2984,208.12108699034815,1040.6054349517408,1492.0,-451.3945650482592,5.0,0.5,test,False
0.36000000000000004,3069,228.12390317560235,1140.6195158780117,1534.5,-393.8804841219883,5.0,0.5,test,False
0.37,3154,234.12789246393328,1170.6394623196663,1577.0,-406.36053768033366,5.0,0.5,test,False
0.38,3239,246.1311778573792,1230.6558892868961,1619.5,-388.8441107131039,5.0,0.5,test,False
0.39,3324,262.13399398756854,1310.6699699378428,1662.0,-351.3300300621572,5.0,0.5,test,False
0.4,3410,262.13634057917665,1310.6817028958833,1705.0,-394.3182971041167,5.0,0.5,test,False
0.41000000000000003,3495,274.1396259726227,1370.6981298631135,1747.5,-376.80187013688646,5.0,0.5,test,False
0.42000000000000004,3580,282.141503356039,1410.707516780195,1790.0,-379.29248321980504,5.0,0.5,test,False
0.43,3665,308.1454929196946,1540.727464598473,1832.5,-291.77253540152697,5.0,0.5,test,False
0.44,3751,318.14948226309065,1590.7474113154533,1875.5,-284.7525886845467,5.0,0.5,test,False
0.45,3836,324.15300223310015,1620.7650111655007,1918.0,-297.2349888344993,5.0,0.5,test,False
0.46,3921,338.15652231323946,1690.7826115661974,1960.5,-269.7173884338026,5.0,0.5,test,False
0.47000000000000003,4006,336.1605114914408,1680.8025574572039,2003.0,-322.1974425427961,5.0,0.5,test,False
0.48000000000000004,4092,330.1621540229691,1650.8107701148456,2046.0,-395.1892298851544,5.0,0.5,test,False
0.49,4177,324.16473519114066,1620.8236759557033,2088.5,-467.67632404429673,5.0,0.5,test,False
0.5,4262,332.16708189287857,1660.8354094643928,2131.0,-470.1645905356072,5.0,0.5,test,False
0.51,4347,336.1698978578732,1680.849489289366,2173.5,-492.6505107106341,5.0,0.5,test,False
0.52,4432,338.17200981785294,1690.8600490892647,2216.0,-525.1399509107353,5.0,0.5,test,False
0.53,4518,340.1741217778327,1700.8706088891633,2259.0,-558.1293911108367,5.0,0.5,test,False
0.54,4603,342.1781110110989,1710.8905550554946,2301.5,-590.6094449445054,5.0,0.5,test,False
0.55,4688,358.18139645960986,1790.9069822980493,2344.0,-553.0930177019507,5.0,0.5,test,False
0.56,4773,362.182335151318,1810.91167575659,2386.5,-575.5883242434099,5.0,0.5,test,False
0.5700000000000001,4859,374.1846819081208,1870.923409540604,2429.5,-558.5765904593959,5.0,0.5,test,False
0.5800000000000001,4944,382.1865592915371,1910.9327964576855,2472.0,-561.0672035423145,5.0,0.5,test,False
0.59,5029,400.18867147177644,2000.9433573588822,2514.5,-513.5566426411178,5.0,0.5,test,False
0.6,5114,394.191252639948,1970.95626319974,2557.0,-586.0437368002599,5.0,0.5,test,False
0.61,5200,392.19383386318447,1960.9691693159223,2600.0,-639.0308306840777,5.0,0.5,test,False
0.62,5285,404.19571130166565,2020.9785565083282,2642.5,-621.5214434916718,5.0,0.5,test,False
0.63,5370,420.1989967501766,2100.994983750883,2685.0,-584.005016249117,5.0,0.5,test,False
0.64,5455,424.20228203349285,2121.0114101674644,2727.5,-606.4885898325356,5.0,0.5,test,False
0.65,5540,434.204863421924,2171.02431710962,2770.0,-598.9756828903801,5.0,0.5,test,False
0.66,5626,440.20697543696866,2201.0348771848435,2813.0,-611.9651228151565,5.0,0.5,test,False
0.67,5711,448.20885282038495,2241.044264101925,2855.5,-614.4557358980751,5.0,0.5,test,False
0.68,5796,452.2102608304147,2261.0513041520735,2898.0,-636.9486958479265,5.0,0.5,test,False
0.6900000000000001,5881,462.21425017381074,2311.0712508690535,2940.5,-629.4287491309465,5.0,0.5,test,False
0.7000000000000001,5967,476.2163622989852,2381.081811494926,2983.5,-602.4181885050739,5.0,0.5,test,False
0.7100000000000001,6052,484.2187090007231,2421.0935450036154,3026.0,-604.9064549963846,5.0,0.5,test,False
0.72,6137,486.2198823240596,2431.099411620298,3068.5,-637.4005883797022,5.0,0.5,test,False
0.73,6222,496.2215250758475,2481.1076253792376,3111.0,-629.8923746207624,5.0,0.5,test,False
0.74,6308,502.22363709089217,2511.1181854544607,3154.0,-642.8818145455393,5.0,0.5,test,False
0.75,6393,506.22504510092193,2531.1252255046097,3196.5,-665.3747744953903,5.0,0.5,test,False
0.76,6478,502.2283302741084,2511.1416513705417,3239.0,-727.8583486294583,5.0,0.5,test,False
0.77,6563,510.2316156124895,2551.1580780624477,3281.5,-730.3419219375523,5.0,0.5,test,False
0.78,6648,520.2327890459559,2601.1639452297795,3324.0,-722.8360547702205,5.0,0.5,test,False
0.79,6734,526.2349010610005,2631.1745053050026,3367.0,-735.8254946949974,5.0,0.5,test,False
0.8,6819,522.2377169158653,2611.1885845793267,3409.5,-798.3114154206733,5.0,0.5,test,False
0.81,6904,532.2407676226181,2661.2038381130906,3452.0,-790.7961618869094,5.0,0.5,test,False
0.8200000000000001,6989,536.2435835876128,2681.2179179380637,3494.5,-813.2820820619363,5.0,0.5,test,False
0.8300000000000001,7075,540.2454609159641,2701.2273045798206,3537.5,-836.2726954201794,5.0,0.5,test,False
0.8400000000000001,7160,560.2478077828968,2801.239038914484,3580.0,-778.7609610855161,5.0,0.5,test,False
0.85,7245,568.2501544846347,2841.250772423173,3622.5,-781.2492275768268,5.0,0.5,test,False
0.86,7330,568.2539090312076,2841.269545156038,3665.0,-823.730454843962,5.0,0.5,test,False
0.87,7416,570.2550823545441,2851.275411772721,3708.0,-856.7245882272791,5.0,0.5,test,False
0.88,7501,582.2569597930253,2911.2847989651264,3750.5,-839.2152010348736,5.0,0.5,test,False
0.89,7586,592.2590718631349,2961.2953593156744,3793.0,-831.7046406843256,5.0,0.5,test,False
0.9,7671,598.2616531965011,2991.308265982506,3835.5,-844.1917340174941,5.0,0.5,test,False
0.91,7756,596.2632957830943,2981.3164789154716,3878.0,-896.6835210845284,5.0,0.5,test,False
0.92,7842,604.2665811214755,3021.3329056073776,3921.0,-899.6670943926224,5.0,0.5,test,False
0.93,7927,606.2668158081688,3031.334079040844,3963.5,-932.1659209591562,5.0,0.5,test,False
0.9400000000000001,8012,618.2705705199364,3091.352852599682,4006.0,-914.6471474003179,5.0,0.5,test,False
0.9500000000000001,8097,612.2726823697864,3061.3634118489317,4048.5,-987.1365881510683,5.0,0.5,test,False
0.9600000000000001,8183,630.2762025049906,3151.381012524953,4091.5,-940.1189874750471,5.0,0.5,test,False
0.97,8268,626.279487678177,3131.3974383908853,4134.0,-1002.6025616091147,5.0,0.5,test,False
0.98,8353,638.2841810265879,3191.42090513294,4176.5,-985.0790948670601,5.0,0.5,test,False
0.99,8438,646.2865277283258,3231.432638641629,4219.0,-987.5673613583708,5.0,0.5,test,False
1.0,8523,652.2891090616921,3261.4455453084606,4261.5,-1000.0544546915394,5.0,0.5,test,False
